{
  "subject": "personalities",
  "columns": [
    {
      "key": "big5_extraversion",
      "type": "numeric",
      "goal": "max",
      "is_objective": true,
      "full_name": "Extraversion",
      "range": {
        "low": 0,
        "high": 100
      },
      "format": "number:0"
    },
    {
      "key": "big5_openness",
      "type": "numeric",
      "goal": "max",
      "is_objective": true,
      "full_name": "Openness",
      "format": "number:0",
      "range": {
        "low": 0,
        "high": 100
      }
    },
    {
      "key": "big5_conscientiousness",
      "type": "numeric",
      "goal": "max",
      "is_objective": true,
      "full_name": "Openness",
      "format": "number:0",
      "range": {
        "low": 0,
        "high": 100
      }
    }
  ],
  "options": [
    {
      "key": "58db04f9330cff536b1ae546",
      "name": "@BarackObama",
      "values": {
        "facet_adventurousness": 0.9113354472170316,
        "facet_artistic_interests": 0.6342563361382925,
        "facet_emotionality": 0.15567180311233836,
        "facet_imagination": 0.16827516453211216,
        "facet_intellect": 0.9438516250227985,
        "facet_liberalism": 0.6625979898493781,
        "big5_openness": 0.8978167577758184,
        "facet_achievement_striving": 0.9615927125292284,
        "facet_cautiousness": 0.969509282646265,
        "facet_dutifulness": 0.8806405494359817,
        "facet_orderliness": 0.8468813799569905,
        "facet_self_discipline": 0.9755738095091995,
        "big5_conscientiousness": 0.9829469062243569,
        "facet_self_efficacy": 0.9867197934298446,
        "facet_activity_level": 0.9296541548711065,
        "facet_assertiveness": 0.9981103878698818,
        "facet_excitement_seeking": 0.27154534290469257,
        "facet_cheerfulness": 0.3832393809869789,
        "facet_friendliness": 0.8225351523861807,
        "facet_gregariousness": 0.5173316009704717,
        "big5_extraversion": 0.75544875165695,
        "facet_altruism": 0.9317088086353615,
        "facet_cooperation": 0.565475105129061,
        "facet_modesty": 0.15370114987933903,
        "facet_morality": 0.7653856089143533,
        "facet_sympathy": 0.9826617863950842,
        "facet_trust": 0.8158358126997863,
        "big5_agreeableness": 0.525610007054301,
        "facet_anger": 0.018806964007239857,
        "facet_anxiety": 0.03206063707392093,
        "facet_depression": 0.032880911973061644,
        "facet_immoderation": 0.004913788018870657,
        "facet_self_consciousness": 0.0371722867705197,
        "facet_vulnerability": 0.008068169554793003,
        "big5_neuroticism": 0.9512344845279868,
        "need_challenge": 0.29619640099530586,
        "need_closeness": 0.1401878148153492,
        "need_curiosity": 0.38001739677866675,
        "need_excitement": 0.1436533920589564,
        "need_harmony": 0.1386872989475671,
        "need_ideal": 0.092261766053995,
        "need_liberty": 0.08710215146645495,
        "need_love": 0.07064852311887587,
        "need_practicality": 0.1856354301887046,
        "need_stability": 0.5947081617778617,
        "need_self_expression": 0.15633921818231594,
        "need_structure": 0.7973458926960937,
        "value_conservation": 0.397878348806803,
        "value_openness_to_change": 0.4060184616142145,
        "value_hedonism": 0.07121047342549025,
        "value_self_enhancement": 0.04194273024751721,
        "value_self_transcendence": 0.08824179380951203
      }
    },
    {
      "key": "58dbf4e9e420c77037fd2cb7",
      "name": "@elonmusk",
      "values": {
        "facet_adventurousness": 0.9542118877110954,
        "facet_artistic_interests": 0.3448847654575429,
        "facet_emotionality": 0.17245102177047333,
        "facet_imagination": 0.7419178212261826,
        "facet_intellect": 0.9010401086042525,
        "facet_liberalism": 0.7246813243870578,
        "big5_openness": 0.6096839731819919,
        "facet_achievement_striving": 0.6548090761397312,
        "facet_cautiousness": 0.7444597415841925,
        "facet_dutifulness": 0.6069909781281204,
        "facet_self_discipline": 0.68675632897961,
        "facet_orderliness": 0.5367799796312233,
        "facet_self_efficacy": 0.6977178463289606,
        "big5_conscientiousness": 0.7205432574511972,
        "facet_activity_level": 0.6431958230421004,
        "facet_assertiveness": 0.5500074848555241,
        "facet_cheerfulness": 0.1309169913423115,
        "facet_excitement_seeking": 0.5115439002618777,
        "facet_friendliness": 0.22082379300884653,
        "facet_gregariousness": 0.040348956349541554,
        "big5_extraversion": 0.17673117209047845,
        "facet_altruism": 0.4353351811315867,
        "facet_cooperation": 0.7142002212462266,
        "facet_modesty": 0.22802974873673298,
        "facet_morality": 0.2802733148740383,
        "facet_sympathy": 0.3059364075978914,
        "facet_trust": 0.7206553831414559,
        "big5_agreeableness": 0.049738689701793126,
        "facet_anger": 0.41291504959862896,
        "facet_anxiety": 0.33172199330428426,
        "facet_depression": 0.6220494464046453,
        "facet_immoderation": 0.08974625308431605,
        "facet_self_consciousness": 0.7282192110344271,
        "facet_vulnerability": 0.31858945057262517,
        "big5_neuroticism": 0.751743219246207,
        "need_challenge": 0.4725465923420546,
        "need_closeness": 0.030382148212070026,
        "need_curiosity": 0.38269599263381915,
        "need_excitement": 0.2938580237656799,
        "need_harmony": 0.13598751629034583,
        "need_ideal": 0.5580026028370971,
        "need_liberty": 0.3397984989224589,
        "need_love": 0.12823900004032918,
        "need_practicality": 0.7390292665823939,
        "need_self_expression": 0.2038474128370351,
        "need_stability": 0.21422986734498667,
        "need_structure": 0.4676468669285968,
        "value_conservation": 0.08477965936877546,
        "value_openness_to_change": 0.22657168400505823,
        "value_hedonism": 0.1653763078893563,
        "value_self_enhancement": 0.38056009906086685,
        "value_self_transcendence": 0.10830036517364783
      }
    },
    {
      "key": "58db025f5ffd2f528710b9fd",
      "name": "@Oprah",
      "values": {
        "facet_artistic_interests": 0.6703745533993333,
        "facet_adventurousness": 0.2989780029302168,
        "facet_liberalism": 0.24288656817566823,
        "facet_emotionality": 0.8975728855806973,
        "facet_orderliness": 0.6011696963831358,
        "facet_achievement_striving": 0.5728087291829214,
        "facet_assertiveness": 0.4433699897264579,
        "facet_self_efficacy": 0.4334070112615644,
        "big5_extraversion": 0.6899734478036017,
        "facet_excitement_seeking": 0.3988453559381836,
        "facet_cooperation": 0.5837531681260607,
        "facet_sympathy": 0.489236344798388,
        "big5_openness": 0.7072753979132993,
        "big5_agreeableness": 0.9329066756941548,
        "facet_self_discipline": 0.6346312238084282,
        "facet_self_consciousness": 0.5865429387462552,
        "facet_depression": 0.4547833801908859,
        "facet_imagination": 0.6406110204676162,
        "facet_cheerfulness": 0.7922172463634127,
        "need_curiosity": 0.7241997459484185,
        "need_challenge": 0.7356699868620823,
        "facet_cautiousness": 0.6613147461194553,
        "need_ideal": 0.8389906266906454,
        "facet_altruism": 0.7120433218398103,
        "need_love": 0.8156535698139658,
        "big5_conscientiousness": 0.9134107953160542,
        "value_conservation": 0.9603576752814555,
        "facet_trust": 0.5060505329924617,
        "need_stability": 0.9490434045132687,
        "value_self_enhancement": 0.9235666188424814,
        "facet_immoderation": 0.33766308618287905,
        "need_closeness": 0.9000018286382447,
        "need_liberty": 0.7876530783004121,
        "need_structure": 0.7964062177340371,
        "value_self_transcendence": 0.7422383172483507,