{
  "subject": "personalities",
  "columns": [
    {
      "key": "big5_extraversion",
      "type": "numeric",
      "goal": "max",
      "is_objective": true,
      "full_name": "Extraversion",
      "range": {
        "low": 0,
        "high": 100
      },
      "format": "number:0"
    },
    {
      "key": "big5_openness",
      "type": "numeric",
      "goal": "max",
      "is_objective": true,
      "full_name": "Openness",
      "format": "number:0",
      "range": {
        "low": 0,
        "high": 100
      }
    }
  ],
  "options": [
    {
      "key": "58db025f5ffd2f528710b9fd",
      "name": "@Oprah",
      "values": {
        "facet_artistic_interests": 0.6703745533993333,
        "facet_adventurousness": 0.2989780029302168,
        "facet_liberalism": 0.24288656817566823,
        "facet_emotionality": 0.8975728855806973,
        "facet_orderliness": 0.6011696963831358,
        "facet_achievement_striving": 0.5728087291829214,
        "facet_assertiveness": 0.4433699897264579,
        "facet_self_efficacy": 0.4334070112615644,
        "big5_extraversion": 0.6899734478036017,
        "facet_excitement_seeking": 0.3988453559381836,
        "facet_cooperation": 0.5837531681260607,
        "facet_sympathy": 0.489236344798388,
        "big5_openness": 0.7072753979132993,
        "big5_agreeableness": 0.9329066756941548,
        "facet_self_discipline": 0.6346312238084282,
        "facet_self_consciousness": 0.5865429387462552,
        "facet_depression": 0.4547833801908859,
        "facet_imagination": 0.6406110204676162,
        "facet_cheerfulness": 0.7922172463634127,
        "need_curiosity": 0.7241997459484185,
        "need_challenge": 0.7356699868620823,
        "facet_cautiousness": 0.6613147461194553,
        "need_ideal": 0.8389906266906454,
        "facet_altruism": 0.7120433218398103,
        "need_love": 0.8156535698139658,
        "big5_conscientiousness": 0.9134107953160542,
        "value_conservation": 0.9603576752814555,
        "facet_trust": 0.5060505329924617,
        "need_stability": 0.9490434045132687,
        "value_self_enhancement": 0.9235666188424814,
        "facet_immoderation": 0.33766308618287905,
        "need_closeness": 0.9000018286382447,
        "need_liberty": 0.7876530783004121,
        "need_structure": 0.7964062177340371,
        "value_self_transcendence": 0.7422383172483507,
        "facet_friendliness": 0.691127628856339,
        "facet_intellect": 0.16149366070618182,
        "facet_modesty": 0.8782834672965363,
        "facet_dutifulness": 0.5959293698690156,
        "facet_activity_level": 0.436552728983133,
        "facet_anger": 0.6688686183082246,
        "facet_gregariousness": 0.532726888843921,
        "facet_vulnerability": 0.6372449026936551,
        "facet_morality": 0.7070689127517265,
        "need_excitement": 0.6307306006119696,
        "facet_anxiety": 0.7284871209778032,
        "need_practicality": 0.5722959071904729,
        "big5_neuroticism": 0.4872302509990549,
        "value_openness_to_change": 0.8284690446700413,
        "need_harmony": 0.9610846244441151,
        "need_self_expression": 0.91263660578907,
        "value_hedonism": 0.6737609415364572
      }
    },
    {
      "key": "58db04f9330cff536b1ae546",
      "name": "@BarackObama",
      "values": {
        "facet_adventurousness": 0.9113354472170316,
        "facet_artistic_interests": 0.6342563361382925,
        "facet_emotionality": 0.15567180311233836,
        "facet_imagination": 0.16827516453211216,
        "facet_intellect": 0.9438516250227985,
        "facet_liberalism": 0.6625979898493781,
        "big5_openness": 0.8978167577758184,
        "facet_achievement_striving": 0.9615927125292284,
        "facet_cautiousness": 0.969509282646265,
        "facet_dutifulness": 0.8806405494359817,
        "facet_orderliness": 0.8468813799569905,
        "facet_self_discipline": 0.9755738095091995,
        "big5_conscientiousness": 0.9829469062243569,
        "facet_self_efficacy": 0.9867197934298446,
        "facet_activity_level": 0.9296541548711065,
        "facet_assertiveness": 0.9981103878698818,
        "facet_excitement_seeking": 0.27154534290469257,
        "facet_cheerfulness": 0.3832393809869789,
        "facet_friendliness": 0.8225351523861807,
        "facet_gregariousness": 0.5173316009704717,
        "big5_extraversion": 0.75544875165695,
        "facet_altruism": 0.9317088086353615,
        "facet_cooperation": 0.565475105129061,
        "facet_modesty": 0.15370114987933903,
        "facet_morality": 0.7653856089143533,
        "facet_sympathy": 0.9826617863950842,
        "facet_trust": 0.8158358126997863,
        "big5_agreeableness": 0.525610007054301,
        "facet_anger": 0.018806964007239857,
        "facet_anxiety": 0.03206063707392093,
        "facet_depression": 0.032880911973061644,
        "facet_immoderation": 0.004913788018870657,
        "facet_self_consciousness": 0.0371722867705197,
        "facet_vulnerability": 0.008068169554793003,
        "big5_neuroticism": 0.9512344845279868,
        "need_challenge": 0.29619640099530586,
        "need_closeness": 0.1401878148153492,
        "need_curiosity": 0.38001739677866675,
        "need_excitement": 0.1436533920589564,
        "need_harmony": 0.1386872989475671,
        "need_ideal": 0.092261766053995,
        "need_liberty": 0.08710215146645495,
        "need_love": 0.07064852311887587,
        "need_practicality": 0.1856354301887046,
        "need_stability": 0.5947081617778617,
        "need_self_expression": 0.15633921818231594,
        "need_structure": 0.7973458926960937,
        "value_conservation": 0.397878348806803,
        "value_openness_to_change": 0.4060184616142145,
        "value_hedonism": 0.07121047342549025,
        "value_self_enhancement": 0.04194273024751721,
        "value_self_transcendence": 0.08824179380951203
      }
    }
  ]
}